Year,Predicted Life Expectancy,Actual Life Expectancy,Difference
2016,79.02806745888823,78.686,0.34206745888822354
2017,79.25102355970745,78.6483,0.6027235597074423
2018,79.56061631243507,78.7997,0.7609163124350715
2019,79.77028188516066,78.916,0.8542818851606597
2020,80.03677765536864,77.0115,3.0252776553686402
2021,80.32025329410762,76.3836,3.9366532941076144
